<?xml version="1.0" encoding="UTF-8"?>
<metadata xmlns="http://www.demandware.com/xml/impex/metadata/2006-10-31">

    <type-extension type-id="Product">
        <custom-attribute-definitions>
            <attribute-definition attribute-id="isPeriodicProduct">
                <display-name xml:lang="ja">定期購入対応商品</display-name>
                <type>boolean</type>
                <site-specific-flag>false</site-specific-flag>
                <mandatory-flag>false</mandatory-flag>
                <visible-flag>true</visible-flag>
                <externally-managed-flag>false</externally-managed-flag>
                <order-required-flag>false</order-required-flag>
                <externally-defined-flag>false</externally-defined-flag>
            </attribute-definition>
            <attribute-definition attribute-id="purchaseLimitPerCustomer">
                <display-name xml:lang="ja">お一人様購入可能数</display-name>
                <type>int</type>
                <localizable-flag>false</localizable-flag>
                <site-specific-flag>false</site-specific-flag>
                <mandatory-flag>false</mandatory-flag>
                <visible-flag>true</visible-flag>
                <externally-managed-flag>false</externally-managed-flag>
                <order-required-flag>false</order-required-flag>
                <externally-defined-flag>false</externally-defined-flag>
                <min-value>0.0</min-value>
            </attribute-definition>
        </custom-attribute-definitions>
        <group-definitions>
            <attribute-group group-id="templateAttributes">
                <display-name xml:lang="ja">テンプレート属性</display-name>
                <attribute attribute-id="isPeriodicProduct"/>
                <attribute attribute-id="purchaseLimitPerCustomer"/>
            </attribute-group>
        </group-definitions>
    </type-extension>

</metadata>
