<?xml version="1.0" encoding="UTF-8"?>
<geolocations xmlns="http://www.demandware.com/xml/impex/geolocation/2007-05-01" country-code="JP">

    <geolocation postal-code="332-0021">
        <city xml:lang="x-default">西川口</city>
        <state xml:lang="x-default">川口</state>
        <longitude>35.8118149</longitude>
        <latitude>139.7005867</latitude>
    </geolocation>


    <geolocation postal-code="332-0021">
        <city xml:lang="x-default">西川口</city>
        <state xml:lang="x-default">川口</state>
        <longitude>35.8182942</longitude>
        <latitude>139.7087765</latitude>
    </geolocation>

    <geolocation postal-code="103-0027">
        <city xml:lang="x-default">中央区</city>
        <state xml:lang="x-default">东京都</state>
        <longitude>35.6756662</longitude>
        <latitude>139.7719237</latitude>
    </geolocation>

</geolocations>
